"Freq [MHz]","dB(S(1,1)) [] - Height='0.85meter' L='0.7meter' W='0.8meter'","dB(S(1,1)) [] - Height='0.85meter' L='0.75meter' W='0.8meter'","dB(S(1,1)) [] - Height='0.85meter' L='0.8meter' W='0.8meter'","dB(S(1,1)) [] - Height='0.85meter' L='0.85meter' W='0.8meter'","dB(S(1,1)) [] - Height='0.85meter' L='0.9meter' W='0.8meter'","dB(S(1,1)) [] - Height='0.85meter' L='0.7meter' W='0.85meter'","dB(S(1,1)) [] - Height='0.85meter' L='0.75meter' W='0.85meter'","dB(S(1,1)) [] - Height='0.85meter' L='0.8meter' W='0.85meter'","dB(S(1,1)) [] - Height='0.85meter' L='0.85meter' W='0.85meter'","dB(S(1,1)) [] - Height='0.85meter' L='0.9meter' W='0.85meter'","dB(S(1,1)) [] - Height='0.85meter' L='0.7meter' W='0.9meter'","dB(S(1,1)) [] - Height='0.85meter' L='0.75meter' W='0.9meter'","dB(S(1,1)) [] - Height='0.85meter' L='0.8meter' W='0.9meter'","dB(S(1,1)) [] - Height='0.85meter' L='0.85meter' W='0.9meter'","dB(S(1,1)) [] - Height='0.85meter' L='0.9meter' W='0.9meter'","dB(S(1,1)) [] - Height='0.85meter' L='0.7meter' W='0.95meter'","dB(S(1,1)) [] - Height='0.85meter' L='0.75meter' W='0.95meter'","dB(S(1,1)) [] - Height='0.85meter' L='0.8meter' W='0.95meter'","dB(S(1,1)) [] - Height='0.85meter' L='0.85meter' W='0.95meter'","dB(S(1,1)) [] - Height='0.85meter' L='0.9meter' W='0.95meter'","dB(S(1,1)) [] - Height='0.85meter' L='0.7meter' W='1meter'","dB(S(1,1)) [] - Height='0.85meter' L='0.75meter' W='1meter'","dB(S(1,1)) [] - Height='0.85meter' L='0.8meter' W='1meter'","dB(S(1,1)) [] - Height='0.85meter' L='0.85meter' W='1meter'","dB(S(1,1)) [] - Height='0.85meter' L='0.9meter' W='1meter'","dB(S(1,1)) [] - Height='0.95meter' L='0.7meter' W='0.8meter'","dB(S(1,1)) [] - Height='0.95meter' L='0.75meter' W='0.8meter'","dB(S(1,1)) [] - Height='0.95meter' L='0.8meter' W='0.8meter'","dB(S(1,1)) [] - Height='0.95meter' L='0.85meter' W='0.8meter'","dB(S(1,1)) [] - Height='0.95meter' L='0.9meter' W='0.8meter'","dB(S(1,1)) [] - Height='0.95meter' L='0.7meter' W='0.85meter'","dB(S(1,1)) [] - Height='0.95meter' L='0.75meter' W='0.85meter'","dB(S(1,1)) [] - Height='0.95meter' L='0.8meter' W='0.85meter'","dB(S(1,1)) [] - Height='0.95meter' L='0.85meter' W='0.85meter'","dB(S(1,1)) [] - Height='0.95meter' L='0.9meter' W='0.85meter'","dB(S(1,1)) [] - Height='0.95meter' L='0.7meter' W='0.9meter'","dB(S(1,1)) [] - Height='0.95meter' L='0.75meter' W='0.9meter'","dB(S(1,1)) [] - Height='0.95meter' L='0.8meter' W='0.9meter'","dB(S(1,1)) [] - Height='0.95meter' L='0.85meter' W='0.9meter'","dB(S(1,1)) [] - Height='0.95meter' L='0.9meter' W='0.9meter'","dB(S(1,1)) [] - Height='0.95meter' L='0.7meter' W='0.95meter'","dB(S(1,1)) [] - Height='0.95meter' L='0.75meter' W='0.95meter'","dB(S(1,1)) [] - Height='0.95meter' L='0.8meter' W='0.95meter'","dB(S(1,1)) [] - Height='0.95meter' L='0.85meter' W='0.95meter'","dB(S(1,1)) [] - Height='0.95meter' L='0.9meter' W='0.95meter'","dB(S(1,1)) [] - Height='0.95meter' L='0.7meter' W='1meter'","dB(S(1,1)) [] - Height='0.95meter' L='0.75meter' W='1meter'","dB(S(1,1)) [] - Height='0.95meter' L='0.8meter' W='1meter'","dB(S(1,1)) [] - Height='0.95meter' L='0.85meter' W='1meter'","dB(S(1,1)) [] - Height='0.95meter' L='0.9meter' W='1meter'"
40,-0.22091921552395,-0.244311016313344,-0.295277226858846,-0.459986569652022,-0.612263175491801,-0.192975753895091,-0.249867233200773,-0.376001750146847,-0.398907972916286,-0.542875523714044,-0.207116386506167,-0.245425899759003,-0.32495849734348,-0.45263961516344,-0.567021830491364,-0.233301805855919,-0.285734038251006,-0.397873591921196,-0.479852090085364,-0.605561239115961,-0.217740030738854,-0.256116879197202,-0.329924230008915,-0.437112936004637,-0.66585702866775,-0.274023285987068,-0.278144782673255,-0.427148642012092,-0.461741088485759,-0.622074308658672,-0.266016408381032,-0.359525091281116,-0.403526400521723,-0.505805831092706,-0.719776280808839,-0.251603589473484,-0.349539548146898,-0.452896275315301,-0.56485732059137,-0.643595483724875,-0.274362270992676,-0.302861599282534,-0.377227891536639,-0.547157595539924,-0.665485185267067,-0.300633950065835,-0.356517279551925,-0.495958410230036,-0.5082821183802,-0.78171494435808
41,-0.252639993851122,-0.279684344856306,-0.338446168135154,-0.533058232000247,-0.713291822652842,-0.218632212938646,-0.284554119008631,-0.432786599314023,-0.460231832593964,-0.629489817822308,-0.234961263805757,-0.280023031472142,-0.372271525324232,-0.521463014685361,-0.656804747586974,-0.265539915979583,-0.325687525010738,-0.456748177408971,-0.553960029624635,-0.700432979376763,-0.248184464936847,-0.291047573714564,-0.375561246288911,-0.501278753187857,-0.768648670640412,-0.313420152394197,-0.318889377353838,-0.492847358795472,-0.533797208751385,-0.723354129000527,-0.303490612241858,-0.41380804910342,-0.464028651229362,-0.585739404212548,-0.83827590607931,-0.286325254537328,-0.399262257745816,-0.521303123128938,-0.65307753558896,-0.746353014844249,-0.311291510047009,-0.345713052811529,-0.432013066627281,-0.630276850525936,-0.770234321135618,-0.342036245435696,-0.406575994129624,-0.572342082549469,-0.58499329076562,-0.906446437448713
42,-0.28903623988607,-0.32037408966574,-0.388302548377971,-0.618311987369648,-0.831876340686216,-0.247878003263518,-0.324408577582328,-0.498535002792715,-0.531905305931305,-0.730561291429431,-0.266368837172816,-0.319722928058543,-0.426992456144087,-0.601452147038734,-0.762020264289853,-0.302405529993545,-0.371410584232651,-0.524631785774087,-0.64060018670807,-0.810892691471923,-0.28216303114555,-0.331001331345006,-0.428150214179763,-0.575568994725867,-0.888126747368242,-0.35864131012654,-0.365858493331013,-0.569128077291176,-0.61767226904439,-0.842423134609185,-0.346476395182232,-0.475877153970028,-0.533948508423859,-0.679554032298158,-0.977632531511556,-0.3259765120022,-0.456683586457376,-0.600180223245422,-0.755853202009472,-0.866790596722577,-0.353469541329835,-0.394592389655701,-0.495141082073221,-0.726874292846883,-0.892759132538912,-0.389190327002034,-0.464014318290613,-0.659165991575827,-0.674352116662305,-1.05254420921689
43,-0.330805936001075,-0.367211248708576,-0.44602726855617,-0.717902424682229,-0.97118630097998,-0.281262659073738,-0.370282703120485,-0.57473697484786,-0.615860074354397,-0.848607539016872,-0.301921374392136,-0.365319511427435,-0.490358002451587,-0.69453292240103,-0.885560796909708,-0.3445698723539,-0.423780454396603,-0.602947665823431,-0.742138461382099,-0.939600478325929,-0.320305656365736,-0.376747898598584,-0.4888522537215,-0.661696843501117,-1.02715792545984,-0.410573676283909,-0.419991195365122,-0.657771742464748,-0.715386074574565,-0.982612234806256,-0.39582273180992,-0.546922307453792,-0.614798301037014,-0.789875522794767,-1.14169840248933,-0.371344876621411,-0.523075435407846,-0.69136600160844,-0.875712285124858,-1.00816487236536,-0.401780966840174,-0.450541113926138,-0.568160319234614,-0.83924669551335,-1.03626231314397,-0.443006344383164,-0.530047394524438,-0.758174769609451,-0.778648563041942,-1.22388199062731
44,-0.378747084148736,-0.421152392032514,-0.513011532794579,-0.83437074166328,-1.13494279584348,-0.319414509562081,-0.423169549940966,-0.663132047908426,-0.714415061347848,-0.986576221086492,-0.342281963097799,-0.417736679597456,-0.563818676684412,-0.802958126846612,-1.03088731247493,-0.392810854626272,-0.483808904127545,-0.693338615667751,-0.861415164762354,-1.089655743494,-0.363333579898088,-0.429178092999775,-0.55901178903015,-0.761672926247632,-1.1890908705134,-0.470236472789245,-0.482367407591152,-0.76085352212078,-0.829295839175272,-1.14787395919784,-0.45250548153166,-0.628346445938123,-0.708324664528756,-0.919855381439387,-1.33501631999347,-0.423329697098687,-0.599901874186337,-0.79699184115917,-1.01561268736952,-1.17433543277411,-0.457234824239935,-0.514754124556313,-0.652884547846553,-0.970057599521745,-1.20450916580535,-0.504516648303962,-0.60606959011279,-0.87141168462095,-0.900599447120648,-1.42502289550867
45,-0.433769998250801,-0.483296547692413,-0.590894370141692,-0.970707149993687,-1.32749402239615,-0.363051400156358,-0.484226155561895,-0.765746998052657,-0.830352521242788,-1.14790693700725,-0.388204050874205,-0.47804836338159,-0.649075695037281,-0.929358834063903,-1.20213373064507,-0.448027606473887,-0.552660223465279,-0.797695424564284,-1.00183638315982,-1.26465533707803,-0.41207073355015,-0.489321697211298,-0.640184662739672,-0.877853487251771,-1.37782127327433,-0.538797386541181,-0.554226861626049,-0.880783338348703,-0.962142585516924,-1.34288266502171,-0.517643853322013,-0.721791681805594,-0.816537628704391,-1.07326618191113,-1.56291997127111,-0.482955109077473,-0.688843543391414,-0.919518771495754,-1.17900222753761,-1.36985987119234,-0.520977927015788,-0.588597345021487,-0.751432785795763,-1.12238695086762,-1.40191301798445,-0.574887473742052,-0.693675328324985,-1.00124606435153,-1.04341797198405,-1.66131960407612
46,-0.496910281765076,-0.554903427562696,-0.681605880202908,-1.13041933742277,-1.55389229172696,-0.412992548364818,-0.554799676680944,-0.884937012635251,-0.967006582387273,-1.3365966062825,-0.440541633071825,-0.547500887694709,-0.748122877592984,-1.076801395849,-1.40422544460316,-0.511256252283219,-0.631670547310785,-0.918186566393374,-1.16747933006947,-1.46875334567333,-0.467456018379832,-0.558367203985939,-0.734169129637036,-1.01299363036623,-1.59785992123158,-0.617589168998876,-0.636989168543787,-1.02034789867302,-1.1170989906794,-1.57314222762034,-0.592517701990335,-0.829165073055989,-0.941739933569003,-1.25460711508792,-1.83163900793683,-0.551383332893538,-0.791823076675755,-1.06177445171468,-1.36988048301346,-1.6000946133651,-0.594308041354422,-0.673625416848679,-0.866271467341463,-1.2997836271662,-1.63362607153419,-0.655430077138168,-0.794679894612905,-1.15039828860933,-1.21088737549005,-1.93901934578114
47,-0.569342194589366,-0.637412696417672,-0.787416426310712,-1.31760594784451,-1.81996969716748,-0.47017146634786,-0.636456630899624,-1.02342962834145,-1.12836471376515,-1.55726675924105,-0.500259897748056,-0.627537502364884,-0.863293362957868,-1.24884946655241,-1.64301194563591,-0.583686726348051,-0.722368141434238,-1.05728821762445,-1.36321172526725,-1.70672079803133,-0.530556251402913,-0.637683186509109,-0.843039286958032,-1.17030481349006,-1.85440274856321,-0.708125999573986,-0.732274359848348,-1.18275241758931,-1.29781653717381,-1.84509863832765,-0.678585049666614,-0.95266255753136,-1.08655500283247,-1.46921673631447,-2.14840739501127,-0.629927754499574,-0.911030560323042,-1.22698839661393,-1.59285989006548,-1.87129801692875,-0.678686066845568,-0.771598441098587,-1.00025676889008,-1.50631931317429,-1.90563285748124,-0.747610526760812,-0.911138951049912,-1.32196002372016,-1.40743436678474,-2.26537179184355
48,-0.652391968933495,-0.732463794031731,-0.910991613932104,-1.53703354662952,-2.13241025317752,-0.535649773685299,-0.731014967490581,-1.18437033203104,-1.31918172445878,-1.8152310734021,-0.568446017838871,-0.71982470629701,-0.997310442923904,-1.44963003586274,-1.92541340718655,-0.666680245168993,-0.826494040947513,-1.21781333191058,-1.59482418278997,-1.98400385775957,-0.602579398872915,-0.72884081339778,-0.969180041461338,-1.3535150905749,-2.15340258559789,-0.812118635192632,-0.841922865869933,-1.37165950555543,-1.50846911301687,-2.16625482066567,-0.777498891025587,-1.09478905996989,-1.25395143057985,-1.72338746966981,-2.52157603642213,-0.720064958416222,-1.04894754702771,-1.41882265693325,-1.8532229202183,-2.19073130717603,-0.775746030480017,-0.884496304239169,-1.15667348886609,-1.74664131886817,-2.22484270004077,-0.853057067459035,-1.045364941753,-1.51940686358852,-1.63819501468734,-2.64873964437077
49,-0.747550460205515,-0.841915577805441,-1.05545227245805,-1.79421534109139,-2.49881876106068,-0.610631564888087,-0.840578267257132,-1.37136824634888,-1.54510467292996,-2.11656222857381,-0.646319622195361,-0.826279636208863,-1.15334107977909,-1.68390197304016,-2.25958198638235,-0.761786817514439,-0.946022119699061,-1.40293818910847,-1.86917331203514,-2.30678043013522,-0.684887500360576,-0.833636658695574,-1.11532206306365,-1.56692976687027,-2.50164451384652,-0.931487002814104,-0.968013418894423,-1.59122201947963,-1.75378965647101,-2.54528653974841,-0.89112190665499,-1.25837221992986,-1.44726124795235,-2.02447333664422,-2.96073688568158,-0.823444538435818,-1.2083675039702,-1.641394428326,-2.15697212452301,-2.5667529132808,-0.88730125400635,-1.01452857441989,-1.33926485494663,-2.02602079002852,-2.59917757020625,-0.973563660127433,-1.19993789999242,-1.74660023092993,-1.90906153250048,-3.09871617105955
50,-0.856484322334662,-0.967864767947394,-1.22443773076737,-2.09549050519127,-2.92779229035046,-0.696477770820519,-0.96757073744952,-1.58853991871329,-1.81280553578123,-2.46815941063804,-0.735242272307818,-0.949097296048517,-1.33504965673676,-1.95712531828276,-2.65508185940542,-0.870761859700161,-1.08317728313799,-1.6162246432378,-2.19433206743116,-2.68201828211136,-0.779008408776039,-0.954114442136515,-1.28457428363041,-1.81548925540311,-2.906831269834,-1.06836847298322,-1.1128767858481,-1.84610620938673,-2.03909636312107,-2.99216306216004,-1.02153716972872,-1.44656667708421,-1.67018873526997,-2.38097886777563,-3.4768781606645,-0.941895090618461,-1.39240979427081,-1.89928647154505,-2.51087091829889,-3.00890356987291,-1.01534450536356,-1.16413730928738,-1.55224491596144,-2.35039132243012,-3.03765315282532,-1.11108794527074,-1.37770738557372,-2.00777547110721,-2.22669263726497,-3.62626274242129
51,-0.981044691352348,-1.11266186618087,-1.42216936620295,-2.4481050991857,-3.42901067488882,-0.794719642244311,-1.1147707541831,-1.84054907879839,-2.13011695496646,-2.87782260086942,-0.836725014284517,-1.09077573429338,-1.54664821618012,-2.27552984686322,-3.12309983895378,-0.995580586180565,-1.24045002232838,-1.86163636600702,-2.57974349330888,-3.11754377863095,-0.886645116025226,-1.09258363896788,-1.48045031844472,-2.1048201779164,-3.37769334930938,-1.22511960606487,-1.27910257523362,-2.14150154773117,-2.37030578687162,-3.51828626532988,-1.17105229295393,-1.6628455114564,-1.92680627950255,-2.80261351873815,-4.08261229992212,-1.07742429734231,-1.60452336061215,-2.19754095845622,-2.92247586882489,-3.52798394696528,-1.1620392870729,-1.33598940316505,-1.80028165122449,-2.72637132671274,-3.55045454128774,-1.26774152255949,-1.58178141799928,-2.30751375137883,-2.59846228246563,-4.24389405198605
52,-1.12327217149282,-1.27892291768902,-1.65350965045112,-2.86030044781045,-4.01337982037064,-0.907070065843894,-1.28533943407284,-2.13264061122082,-2.50616545806326,-3.35434852257633,-0.952432762345111,-1.25413640662827,-1.79293788993933,-2.6461828435873,-3.67671423022714,-1.13844836113033,-1.42060506146276,-2.14354791447604,-3.03637542986443,-3.62214046305374,-1.00968099636448,-1.25163198826988,-1.7068836663035,-2.44127541502472,-3.92415213927573,-1.40430873262246,-1.46953567842892,-2.48311454539929,-2.7539323596528,-4.13667940193754,-1.34219375065431,-1.91097542891089,-2.22153392443068,-3.30029195822755,-4.79255469496897,-1.23221045610477,-1.84847518949721,-2.54163257387281,-3.40016663840201,-4.13613330146931,-1.32969862538426,-1.53295436604828,-2.08843447124151,-3.16126180984443,-4.14901357895298,-1.44577010829486,-1.8154973695348,-2.65069682201189,-3.03231031919755,-4.9659595526868
53,-1.28539678280466,-1.46953525244486,-1.92400967272795,-3.34142405574115,-4.69328837874248,-1.03543087630105,-1.48283900558209,-2.47066829742388,-2.95149715635727,-3.90767758279409,-1.0841839013525,-1.44233587423686,-2.07933450127773,-3.07705935674604,-4.33127825152024,-1.30180463202059,-1.62668130883383,-2.4667466711007,-3.5768779927901,-4.20571262963898,-1.15017878078619,-1.4341277765472,-1.96822461786674,-2.83195917844006,-4.55758616960461,-1.60869637750766,-1.68725828408646,-2.8771459677991,-3.19707783122132,-4.86228324741175,-1.53768737362833,-2.19497276767884,-2.55909997099916,-3.88605399110548,-5.62398974465906,-1.40858222258395,-2.1283173391615,-2.93741739406036,-3.95318796791228,-4.84692306353965,-1.52074672119394,-1.7580627313677,-2.4220241780652,-3.66300979905438,-4.8460996890739,-1.64752087119444,-2.08236887929963,-3.04244589151589,-3.5364410146261,-5.80909383264936
54,-1.46983149997145,-1.68765525782148,-2.23993534863433,-3.90209383259797,-5.48307829494052,-1.18189363197178,-1.71123351185143,-2.86111857496357,-3.47819394396234,-4.54914389076977,-1.23394307826188,-1.65886368086321,-2.41186951964926,-3.57712442956284,-5.10502266995347,-1.48831744047219,-1.86197982605326,-2.83642983115902,-4.21575233301091,-4.87957329518742,-1.31037048695245,-1.64320636187278,-2.26920935156855,-3.2847343659917,-5.29128491173241,-1.84120033489451,-1.93555296248602,-3.33025426479717,-3.70741993758951,-5.71245206749583,-1.76042032378694,-2.51903847280536,-2.94448126991458,-4.57286005836368,-6.59805679347484,-1.60898276917709,-2.44832467453106,-3.39105478419153,-4.5917285796455,-5.6754709854389,-1.7376573293911,-2.01443969246417,-2.80640620879592,-4.24012617343979,-5.65593031402481,-1.87539409163772,-2.38600193050471,-3.48804845916136,-4.11878443832881,-6.79292376750573
55,-1.67915815000674,-1.93669639824705,-2.6082590678777,-4.55447153896605,-6.39989079822075,-1.34873046129328,-1.97486151028456,-3.31113708299101,-4.09998313057196,-5.29191582183385,-1.40380469906399,-1.9075197331388,-2.79715566157224,-4.15644689960319,-6.02005984309135,-1.70086484971304,-2.13003610104204,-3.25820178679762,-4.96954261728761,-5.65695344820385,-1.49263489307167,-1.88223372405467,-2.61488844589715,-3.80821089502323,-6.14123056643188,-2.10484220655356,-2.21784217208039,-3.84951226701004,-4.29321652444497,-6.70777700952104,-2.01337929319364,-2.88747175393389,-3.38282340313258,-5.37416519190339,-7.74185692466192,-1.83591406162643,-2.812893130697,-3.90889898234133,-5.32707217043591,-6.63852489484055,-1.98285986435797,-2.30520808536169,-3.24660798597803,-4.90154270816625,-6.59426351025617,-2.13177625696668,-2.72997215355593,-3.9928790257256,-4.78607729960754,-7.94108360574476
56,-1.91610480242752,-2.22030620576821,-3.03659880439093,-5.31274081727118,-7.46515011640377,-1.53837055574029,-2.2783667867506,-3.82857136799583,-4.83234472658437,-6.15177177657151,-1.5959641775883,-2.19236277239513,-3.24230398229422,-4.82637885715847,-7.10409134324209,-1.94249897531711,-2.43457254246403,-3.73808144988388,-5.85704184755125,-6.55389107785172,-1.6994584935744,-2.15473786322383,-3.01049734354743,-4.41171311022452,-7.12744656507039,-2.40267243173509,-2.53759975314284,-4.44236780372461,-4.96334732090498,-7.87336955351965,-2.29955929765968,-3.30456379121941,-3.87934190896357,-6.30302619311105,-9.09220420193519,-2.0918565749586,-3.22638462563551,-4.4973522649531,-6.17185947619914,-7.75426609849604,-2.25859719104947,-2.63335438078295,-3.74677631473008,-5.65637820042493,-7.67828026517744,-2.41895176543631,-3.11765379294159,-4.56231948659561,-5.542308931655,-9.28235074469202
57,-2.18351442137866,-2.54233187273584,-3.53307891798343,-6.19394875722695,-8.70713038337857,-1.75335668777087,-2.62656836691645,-4.42205167290608,-5.69259863115284,-7.148456163909,-1.81267351476939,-2.51761948782187,-3.75477465179862,-5.59985306670056,-8.3932943526366,-2.21638766991767,-2.77942669072657,-4.282533980987,-6.89938958835417,-7.59077032556568,-1.93337524458377,-2.46429656429394,-3.46124378513272,-5.10521569739778,-8.27634110923923,-2.73767115465462,-2.89823044891334,-5.11661868017136,-5.72741623128746,-9.24059447228472,-2.62183723201081,-3.77447368479926,-4.43920432507046,-7.37011371747041,-10.702409192664,-2.37915952279931,-3.6928984072869,-5.16265702691586,-7.14048237164214,-9.04097731616041,-2.56669872551585,-3.00155066219192,-4.30935797319732,-6.51353597550684,-8.92559489328795,-2.73899046018304,-3.55198786734268,-5.20167995947562,-6.38608328110742,-10.8507197303314
58,-2.48430545219852,-2.90677533912552,-4.10607145765821,-7.21948016282705,-10.1654108577258,-1.99627478468298,-3.02424462610872,-5.10114140508098,-6.69985098283811,-8.30805656896574,-2.05617733179443,-2.88754119264126,-4.34213261913145,-6.49186870802856,-9.93703290811296,-2.52572824362284,-3.16844982888815,-4.89854643614548,-8.11953670771157,-8.79500706278954,-2.19687981893814,-2.81436722887776,-3.97197419998873,-5.89920675085364,-9.62487709497101,-3.11262240463776,-3.30291386017741,-5.88040227634326,-6.59592351903192,-10.8484718198132,-2.98280416229811,-4.30108734490832,-5.06738607104632,-8.57907674552559,-12.6548674589108,-2.69989652096782,-4.21593765883291,-5.91056952236543,-8.24955026418397,-10.5119554310296,-2.90816869791305,-3.41192417951041,-4.93390431892848,-7.48092702554077,-10.3503766901853,-3.09360806041437,-4.03517173555396,-5.91610644200694,-7.30617274529091,-12.6793412026904
59,-2.82142610736821,-3.31774015967852,-4.76374344426748,-8.41764461314837,-11.898744694582,-2.26964811512089,-3.47579676733839,-5.87659767547984,-7.87433080859694,-9.66726819704338,-2.32862502442345,-3.30619108034956,-5.01165311451471,-7.52024071686937,-11.8046636209766,-2.87362672275779,-3.60536877674654,-5.59377097899294,-9.5392513682556,-10.2058818091188,-2.49230852728618,-3.20804078990517,-4.54665784212517,-6.80435199121311,-11.2283405587339,-3.52995848004362,-3.75440872963797,-6.74216790757021,-7.58046978440953,-12.7405440637542,-3.38454979672684,-4.88785398062109,-5.76847606918277,-9.91569869107009,-15.0845478684125,-3.05568144090751,-4.79792192878242,-6.74578490248126,-9.51810602426036,-12.1591158071438,-3.28230528543972,-3.86576337570123,-5.61535722193174,-8.56380666194272,-11.9507846449686,-3.48399594291322,-4.56824326969904,-6.7104306272587,-8.27439628804984,-14.7683874332287
60,-3.19780521914373,-3.77937347398291,-5.51326323105747,-9.82830176113877,-13.9991378937236,-2.57578607285626,-3.98474213911905,-6.76078557461242,-9.23458260317336,-11.2814334086908,-2.63195419720153,-3.77713857840199,-5.76966291920314,-8.70663693899933,-14.089985982951,-3.26293467909644,-4.09359942593157,-6.37676075858601,-11.1678031826378,-11.8837667915187,-2.82168144911266,-3.64769659878885,-5.18758724613305,-7.83062331885151,-13.1759049447747,-3.99156936922093,-4.254810875644,-7.71052070836828,-8.69382251729321,-14.9382416103298,-3.82839119496467,-5.53758124105726,-6.54637224869036,-11.3240638855568,-18.2142224355761,-3.44743890842405,-5.43946788854315,-7.67083873028781,-10.9664525349036,-13.9062023361402,-3.68507343748552,-4.3631448765111,-6.34168006339908,-9.76104259255682,-13.6726722278666,-3.91061542602792,-5.15051952979064,-7.58885571341635,-9.23585290996763,-16.9589029986625
61,-3.61630334322148,-4.29580624616033,-6.35936813325681,-11.5114752129028,-16.6151361961358,-2.91657592412689,-4.55296496032747,-7.7682752255716,-10.7878560077956,-13.240997134016,-2.96773988436749,-4.3030261446797,-6.62037988677483,-10.0776708180028,-16.8740221365116,-3.69603295864824,-4.63599208131006,-7.25731851437514,-12.9649827777892,-13.9294648766401,-3.18649853307095,-4.13452807891575,-5.89412944097026,-8.98505317252073,-15.6252042212134,-4.49856761455477,-4.80525197997515,-8.79364164763322,-9.94932740568755,-17.3145202821443,-4.31453512474669,-6.25214480299299,-7.40373872453732,-12.6639365583564,-22.263213598124,-3.87512350176223,-6.13832375312708,-8.68394157736686,-12.6099169043172,-15.5050214794054,-4.11356179709171,-4.90246040512611,-7.09086385150726,-11.0568333019972,-15.3236362489435,-4.37294973863784,-5.7788344870256,-8.5542535384183,-10.1007525537942,-18.6168511303504
62,-4.07966792421689,-4.87109228529266,-7.30170333718026,-13.5644494187093,-19.9608406189079,-3.29320438041329,-5.17961984162331,-8.91658073478835,-12.5006427633796,-15.7096332310584,-3.3370031763141,-4.88495554914489,-7.56377487422586,-11.6648086476354,-19.8877294267055,-4.1745468398087,-5.23447319933577,-8.24695635763185,-14.7402081772404,-16.5307916628574,-3.5874813918846,-4.66790033162036,-6.66077748281414,-10.2661330384873,-18.8900506042116,-5.05099148131308,-5.40551551023713,-9.99756555903412,-11.3582130134466,-19.2026284624028,-4.84165983265354,-7.03202570451767,-8.34097228681098,-13.6757999180081,-25.5129294785419,-4.33738176681264,-6.88780902145637,-9.7747564195293,-14.4362374685017,-16.4556667518011,-4.58884622798462,-5.47981912821424,-7.82791376340237,-12.4036130917563,-16.470966090608,-4.86920487094791,-6.44651285412436,-9.60662332502176,-10.7512450639404,-18.7306738751726
63,-4.59049527373433,-5.50913942466814,-8.32985236178818,-16.1584631805676,-23.9250185315352,-3.70579498602262,-5.85955035552021,-10.2267544398277,-14.2213330936368,-19.0307190180425,-3.73997177302461,-5.52161425288134,-8.59157405637015,-13.49802684067,-21.2909209168437,-4.69896944631535,-5.88952246322221,-9.35939770562989,-15.9987726235686,-20.1016810403183,-4.02425146095404,-5.24449469592265,-7.47419240556996,-11.6505540639674,-23.6833159467845,-5.64741863061049,-6.05353031913261,-11.3216436705742,-12.9208574694675,-19.3580617718487,-5.40639952829799,-7.8755220208647,-9.35421319319496,-14.0665097026512,-23.1641052907126,-4.83115344993029,-7.67462633791179,-10.9165975327165,-16.336468297246,-16.3389214777614,-5.10651352418362,-6.0883080785933,-8.50368831765147,-13.6930073941169,-16.6321723301023,-5.39595040987941,-7.14204398261547,-10.7398551537669,-11.0803716541323,-17.4044895039998
64,-5.15119928643276,-6.21361149232148,-9.41444462541547,-19.6202145555735,-25.322103790425,-4.1529485136527,-6.58108878697347,-11.7227275307438,-15.5541436276382,-24.130568784512,-4.17578409464733,-6.20803386247369,-9.68001659279674,-15.5739634597229,-19.5554873729089,-5.26815967111827,-6.59938609352838,-10.6108515101138,-16.1340015382354,-25.8923385877036,-4.49493518868068,-5.8572041226074,-8.30906392602399,-13.0650183419411,-30.4295712375439,-6.28445066826669,-6.74468537545103,-12.7475287062165,-14.6020980328529,-17.8689333572324,-6.00271959988553,-8.77738593453035,-10.4316171945772,-13.7601737537198,-19.5529337548575,-5.35121669635468,-8.47609353489587,-12.0537775122945,-17.9538406534023,-15.3692109575192,-5.63912356327758,-6.71712853508753,-9.05908930246934,-14.7300160306881,-15.8491660036641,-5.94769727367211,-7.84753663013196,-11.9353168407825,-11.0512453025806,-15.657812910712
65,-5.76398150992205,-6.98775198609518,-10.4932958698398,-24.4953027489874,-22.2425705513863,-4.63118027557817,-7.32325205837335,-13.4255391570459,-15.9434424344273,-34.9255508349311,-4.64212919553898,-6.93386784700768,-10.7781017225225,-17.7352205774448,-16.9594304149081,-5.87867015493568,-7.35888047759144,-12.0191898531518,-15.2019182520202,-44.184303548972,-4.99569083759731,-6.49379700969607,-9.12339175844118,-14.3413092007487,-26.7590533767421,-6.95602223220784,-7.47090199543594,-14.215066815811,-16.2717035811812,-15.9737990768753,-6.62119489628717,-9.72652799313665,-11.5468131369956,-12.9785504465238,-16.836263346466,-5.88970311450916,-9.25741577294981,-13.0870219452798,-18.642685868413,-14.0802894460109,-6.17456872687594,-7.35071804157906,-9.43784363019501,-15.2752586003662,-14.6217573427207,-6.5164279423351,-8.53732848899398,-13.1503361734967,-10.7200074797752,-14.0328624063096
66,-6.43078833676853,-7.8340300146545,-11.457095597804,-28.3973282376388,-19.0726615489805,-5.13426745616822,-8.05286538983354,-15.329596747709,-15.2808304860579,-29.2648374122647,-5.1348198070904,-7.68116680678328,-11.7935079153809,-19.3770255492979,-14.744301316594,-6.52385913644415,-8.15760761946157,-13.5993604798048,-13.8260464161202,-28.2312067344103,-5.52016519606409,-7.13552075873833,-9.85586998373735,-15.1997054861131,-21.4327447872823,-7.65250159670919,-8.21943004009382,-15.5805918366142,-17.6126006456018,-14.2612082756012,-7.24826764775227,-10.7023986272108,-12.648930101434,-12.0089992349055,-14.8222035841008,-6.43565170928307,-9.97080154671225,-13.8733151417608,-18.0996006895885,-12.8051562092946,-6.70056881329326,-7.96814652105371,-9.60548962348119,-15.2070876706309,-13.3415525078965,-7.09113609934821,-9.17765142001806,-14.3015625429851,-10.195043169542,-12.6461196688606
67,-7.15322689507282,-8.75341889010788,-12.154868324498,-24.1548712537815,-16.6812019366687,-5.65256299070072,-8.72328952340686,-17.3232991387689,-14.0585360163105,-22.4060571677949,-5.64731088989562,-8.42196603659321,-12.5900914299306,-19.5354115783434,-12.986666503233,-7.19276922858659,-8.97745951944571,-15.3470802769118,-12.4458906810402,-21.9968567678943,-6.05892191278149,-7.75613591578078,-10.431224763063,-15.3840012653625,-18.107101079291,-8.35961263000826,-8.97145496717792,-16.5872339044246,-18.1663657127106,-12.8263875193753,-7.86568878833958,-11.6700057340974,-13.6519998960297,-11.0339004276945,-13.2722274396187,-6.97474275808684,-10.5596391763803,-14.2706732260223,-16.8252629374815,-11.6604595206294,-7.20096653658107,-8.54333280228428,-9.56335743597641,-14.6375041011902,-12.1680195416944,-7.65750540334035,-9.72883393613839,-15.2534389500192,-9.58020556899437,-11.483220287004
68,-7.93238841566079,-9.74396049880976,-12.4502957617867,-20.0106558103277,-14.8655273968503,-6.17241463851966,-9.27794535670243,-19.0003772204047,-12.7396863650938,-18.7513641044643,-6.17020951703566,-9.11677871847486,-13.0253691543253,-18.2710819671518,-11.5837994226513,-7.86885884118355,-9.7896098817404,-17.1895208074516,-11.2143421632786,-18.5846868725839,-6.59894861776863,-8.32234752150172,-10.7794708724727,-14.9051495951106,-15.8021215860125,-9.05736673999395,-9.70089046328929,-16.9576887823534,-17.7596232338495,-11.6371177185765,-8.45053799257806,-12.5749450283041,-14.4359201442877,-10.1326615680969,-12.0391446605919,-7.48944582896936,-10.9705292271222,-14.2243051319829,-15.3992249314919,-10.6656158142959,-7.65683363888177,-9.04683082825349,-9.34631258454704,-13.7990498666414,-11.1387879284783,-8.19795746361106,-10.1514215424313,-15.8427659205537,-8.94769896067275,-10.5056945763244
69,-8.76849080128672,-10.798016072299,-12.3106891370122,-17.1843192066081,-13.441173159837,-6.67595408969299,-9.66180106354945,-19.6056427386162,-11.5245783836861,-16.3230605196452,-6.69088283082945,-9.71625659826798,-13.0314446376363,-16.5526864703932,-10.4439106774274,-8.52890839721316,-10.5520734943792,-18.8691897226547,-10.1549941944268,-16.2792882813494,-7.12345351339211,-8.79693725876892,-10.8646293013802,-14.0251598563169,-14.0783593543875,-9.71949003132131,-10.3742262701316,-16.6349913110969,-16.7334225658703,-10.6451145065557,-8.97639729322554,-13.3430366154198,-14.8799412776071,-9.32877841531094,-11.0325571375877,-7.95988523687861,-11.1707725123773,-13.8078604837722,-14.0777597273757,-9.80828269908109,-8.048564292899,-9.44974677706722,-9.00637663935357,-12.8817093060661,-10.2478975973627,-8.6923872829484,-10.4157292364033,-15.9635863685282,-8.33845610047488,-9.67732504067611
70,-9.66019220943677,-11.8972919343696,-11.8305661716184,-15.138854232501,-12.2912022580423,-7.14165755842656,-9.8391832825886,-18.8559479790184,-10.4630368357335,-14.5396410561906,-7.19336035606726,-10.1687919164372,-12.6646651450788,-14.9285373754441,-9.50124130780951,-9.14282395201069,-11.2104807308962,-19.8435428057721,-9.25177829700744,-14.5689055484963,-7.6122810973213,-9.14535491339393,-10.7023946125759,-13.0100155396267,-12.7252079419259,-10.3142172535869,-10.9528094705084,-15.8431314479208,-15.5151039493729,-9.8089647045759,-9.41620435755664,-13.8925035748343,-14.9273335554392,-8.62178860789621,-10.1942109849096,-8.36567296030616,-11.1611600739526,-13.1646676531808,-12.9227765328279,-9.06881398837261,-8.35868859949244,-9.72939907356813,-8.59496079342725,-11.9892472888376,-9.47756979137346,-9.11988282412492,-10.5109645087597,-15.6477914361009,-7.77186556999008,-8.96878594120856
71,-10.6033353674411,-13.0047096787426,-11.1577975088181,-13.574227277831,-11.3413275139035,-7.54611214898372,-9.8080143949397,-17.4019770234104,-9.55052600788966,-13.1531776974199,-7.65881935657867,-10.4343649051392,-12.0595183668213,-13.5279088136385,-8.70963787157893,-9.67547877744295,-11.7059029115876,-19.6588710667083,-8.48062841088741,-13.2301365616306,-8.04332684743061,-9.34444142121464,-10.3500556072793,-12.01212927491,-11.6273776659289,-10.807499605454,-11.3987681215548,-14.86110616121,-14.3346644279,-9.09650662649624,-9.74674015817086,-14.1622704997758,-14.6240594222526,-8.00261993521192,-9.48471601618376,-8.68866863537202,-10.9740570653651,-12.4255015966293,-11.9290135487844,-8.42811447751525,-8.5749293175108,-9.87483197207905,-8.1527829666856,-11.1648814324639,-8.80899338458523,-9.46146329108921,-10.448427267172,-15.0367846268774,-7.25476852525611,-8.35719606955987
72,-11.5887615061335,-14.0537919503266,-10.415875322291,-12.3296416875212,-10.5423811520249,-7.86715969259536,-9.59938251637087,-15.8639111627994,-8.76778930870648,-12.0348642279681,-8.06696093880936,-10.4988264925204,-11.3472870695744,-12.3433973338861,-8.03617189032861,-10.0916439416571,-11.9911628645226,-18.5780624745613,-7.81885748800444,-12.1449549256168,-8.39515970130787,-9.38931052268724,-9.87866734614944,-11.0938689176085,-10.715196225636,-11.1690318079472,-11.6839978482174,-13.8657742788211,-13.270357978743,-8.48324528884424,-9.9535991343053,-14.14184755397,-14.0842473426929,-7.46006248933986,-8.87632835279281,-8.91610290109791,-10.658559209449,-11.6751723915234,-11.0744282859896,-7.86972334399977,-8.69255285916527,-9.88949211218028,-7.70770073597594,-10.4207061302221,-8.2254869579512,-9.70333591999212,-10.256587458952,-14.2839295046466,-6.78742005444037,-7.82479006714066
73,-12.5987477485747,-14.9422857236873,-9.68024751999969,-11.3113458724734,-9.8604334017394,-8.08791841647169,-9.26293259243075,-14.473805581137,-8.094109594715,-11.1090843689847,-8.39840851861356,-10.3789163872203,-10.6167077513862,-11.3399911686542,-7.45679520170825,-10.3637114334462,-12.0490388399244,-17.187029907092,-7.24732547733094,-11.2432349332408,-8.65054974663703,-9.29421236518415,-9.35001995616263,-10.271843711344,-9.94340148810628,-11.3796806685715,-11.7985736081654,-12.9355829587702,-12.3343476086682,-7.95046177467685,-10.0345596659247,-13.8762505572374,-13.425031056909,-6.98327164797428,-8.34884229812231,-9.0430211763942,-10.2640292966739,-10.9580511937231,-10.3359185187054,-7.38002219054805,-8.71507568581039,-9.78955431255306,-7.27672795059163,-9.75514731440317,-7.71309123471258,-9.83961434902324,-9.97146210528271,-13.4966476746504,-6.36694196620813,-7.35769223681016
74,-13.6018290056769,-15.5472810038961,-8.98816780774846,-10.4603823525817,-9.27120732745912,-8.20036788350694,-8.8495192922958,-13.2722615601927,-7.51112015499573,-10.3276029476205,-8.63781419283265,-10.1140580962832,-9.91567311674261,-10.483352402142,-6.95354049076382,-10.4794321554552,-11.8993652090857,-15.8265169858889,-6.75045450954138,-10.4798417053666,-8.79989202442833,-9.08685878707791,-8.80783399526666,-9.54361188238524,-9.28095081463301,-11.436920450577,-11.7535919249439,-12.0951835924567,-11.516390827778,-7.48370028998088,-9.99961663816794,-13.4409093346027,-12.7305710275598,-6.56260707553409,-7.88713428253129,-9.0730253609032,-9.83038484425682,-10.2931201045657,-9.69342307639143,-6.94789917207437,-8.65303688790598,-9.59890337326378,-6.86912532634334,-9.16145208172673,-7.26036289019006,-9.87335744962419,-9.6277855431429,-12.733544459135,-5.9891888857261,-6.94496070986145
75,-14.5469390250286,-15.7761639001606,-8.35406444029804,-9.7373998186054,-8.75679953085034,-8.20692588291373,-8.4005139351776,-12.2429109943286,-7.0035064965245,-9.65775048552258,-8.77679042685613,-9.75143161732013,-9.26539186303077,-9.74530509862232,-6.51270842733311,-10.4454297507377,-11.5889671861075,-14.6066250002662,-6.31569713502417,-9.82399288254423,-8.84314315240481,-8.79987572235794,-8.27891729800952,-8.90007729139787,-8.70564638378407,-11.35506753278,-11.5765165785075,-11.3457871597821,-10.8007265721979,-7.07165942895343,-9.86768407386399,-12.9104665745744,-12.0497353064439,-6.1898018485471,-7.47962725638881,-9.01698740319707,-9.38567221172628,-9.68574680060418,-9.13047744930265,-6.56431156087593,-8.52141911577804,-9.34339151567681,-6.48911739242281,-8.6314675335525,-6.8579738281637,-9.81544985616284,-9.25400723678359,-12.020852696016,-5.64970952472323,-6.57787684235803
76,-15.3609428550658,-15.6245355904947,-7.78054785950548,-9.11488460389956,-8.3036711735586,-8.11925567409475,-7.94488066556422,-11.35843182625,-6.55876740380889,-9.07638013000753,-8.81552208397169,-9.33372219099157,-8.67241650984765,-9.1037422432707,-6.12366862355268,-10.2842414664958,-11.1729592677038,-13.5414099510038,-5.93294880896287,-9.25375622854304,-8.78936530111818,-8.46370582436755,-7.77774283694738,-8.33065746604891,-8.20108454090941,-11.160179746004,-11.3021720913577,-10.6799007291385,-10.1718468426962,-6.70539635923448,-9.6617156287835,-12.3417735133222,-11.4065579557908,-5.85787900949655,-7.11729216372003,-8.89034521934835,-8.94767627470803,-9.13470087501402,-8.63380034807121,-6.22188357594202,-8.33676144689977,-9.04655449808804,-6.13786824121459,-8.15721079818541,-6.49831270600124,-9.6818646734543,-8.87095179936238,-11.3671680782232,-5.34421657137922,-6.24942260625628
77,-15.9579737285391,-15.1781610618883,-7.26472368353425,-8.57288196779218,-7.90136734979093,-7.95495160493535,-7.50072188252592,-10.5932112724442,-6.16675535212376,-8.5665091601699,-8.76233766370055,-8.89350786196478,-8.13606385341106,-8.54145272379651,-5.77804658608764,-10.0268473985923,-10.6999567440064,-12.6158059365674,-5.59403866897812,-8.75296401837934,-8.65412776200847,-8.10288289731264,-7.31087446311989,-7.82526589114599,-7.75481896689727,-10.8826921653289,-10.9644079359949,-10.0876333313071,-9.6161724390791,-6.37775473388208,-9.40432241650352,-11.7715514683625,-10.810509013751,-5.56098808377031,-6.792976211681,-8.71008655126465,-8.52668914985918,-8.63589030903974,-8.19270473936133,-5.91457225164125,-8.1148364466508,-8.72748166447763,-5.81479004845065,-7.73145038301808,-6.1751439147179,-9.4904677181501,-8.49260292771621,-10.7724978711038,-5.06879751308472,-5.95389506667909
78,-16.2671328496294,-14.5565298040541,-6.80147726406077,-8.09648863893491,-7.5416713418752,-7.73364158336529,-7.07818193429993,-9.92596765883249,-5.81922406311377,-8.11532747918525,-8.63146071783288,-8.45287010670854,-7.65244510945772,-8.04497017045665,-5.4691587378391,-9.70491152897344,-10.2059716601888,-11.8090496846487,-5.29232033571411,-8.30936995457241,-8.45597660757251,-7.73522427478888,-6.88019869099593,-7.37496216183327,-7.35719993953783,-10.5512723191849,-10.5912689690343,-9.5591890617916,-9.12230257613991,-6.08294934124201,-9.11502977694194,-11.2207648873226,-10.2633564129941,-5.2942308153827,-6.50093751010177,-8.49233969233227,-8.1280270328486,-8.18423668119292,-7.79856005687354,-5.63740030221378,-7.8692569911793,-8.40040854024871,-5.51836417152933,-7.34785886938027,-5.88333128051072,-9.25839400916386,-8.12763713638392,-10.2330847387686,-4.81999285184566,-5.68661951635052
79,-16.2671796589472,-13.8603147140428,-6.38508776797821,-7.67430548568071,-7.21802847718236,-7.47386505435382,-6.68213651779914,-9.33962813857651,-5.50944446765536,-7.71295358278732,-8.43993950883552,-8.02539712220292,-7.21651631414939,-7.60365772487594,-5.19161082749233,-9.34569564762486,-9.71463400468584,-11.1017212178982,-5.02235202847061,-7.9134909610231,-8.21328396904137,-7.37264045470406,-6.48501413059046,-6.97206639620406,-7.00061076604914,-10.1894744590314,-10.2035950277405,-9.08574186845885,-8.68081095213329,-5.81626063039153,-8.80920704282789,-10.699940922104,-9.76312730403447,-5.05350182786026,-6.23651436581555,-8.25094700693975,-7.75389693861505,-7.77457203106681,-7.44435406852251,-5.38624562025439,-7.61093855722442,-8.07526721217306,-5.24663777148145,-7.00098867109275,-5.61861903249013,-9.00045676704228,-7.78094463678287,-9.74380766820581,-4.59480969916317,-5.44373371160425
80,-15.9983467545278,-13.1545855721658,-6.00997810171895,-7.29744049440455,-6.92514286714664,-7.19128643659056,-6.31420338940052,-8.82060034576624,-5.23189561228679,-7.35162351723125,-8.20485171716956,-7.61863626087225,-6.82307089413647,-7.20902229605212,-4.94100658776781,-8.97010083383085,-9.23997127462165,-10.4773861710522,-4.77964866144735,-7.55784838293769,-7.94219930520678,-7.02248889704944,-6.12329867062698,-6.61007303984278,-6.67894820948691,-9.81487906684066,-9.81566610806798,-8.6596484168036,-8.28393453599483,-5.57380695850584,-8.49813463408297,-10.2133127024321,-9.30623868430995,-4.83535174416419,-5.99588500256875,-7.99693223750268,-7.40465242586717,-7.40203938256816,-7.12434990760588,-5.15767601409057,-7.34814284133237,-7.75858214223128,-4.99751466117399,-6.68618268014084,-5.37745947768225,-8.72852612668365,-7.45485152215307,-9.29931939577028,-4.39070718750904,-5.2220237450299
81,-15.5388887349309,-12.474626700782,-5.67103188007133,-6.95884247532965,-6.65868839245217,-6.89810575508466,-5.9740994358106,-8.35803284851444,-4.98202093487175,-7.02514291578319,-7.94141999913264,-7.23616407381907,-6.46718930644503,-6.85420894799145,-4.71373249055495,-8.59282975210075,-8.78942649550645,-9.92258615892692,-4.56048976680017,-7.23645325235962,-7.65575241397734,-6.68889025571696,-5.79244842962239,-6.28350313385404,-6.38725862664955,-9.43967708800339,-9.4366128196824,-8.27440466221773,-7.92527208537859,-5.35237249901807,-8.18962545224874,-9.7615568660354,-8.88859325384549,-4.63687299399991,-5.77588956383673,-7.73856723628006,-7.0795941027861,-7.06224729562896,-6.83382110959658,-4.948819256424,-7.08682328133192,-7.45436462132426,-4.76891929525925,-6.39946847795355,-5.15687752288477,-8.45156942223892,-7.15000538315729,-8.89455155887179,-4.20557328369328,-5.01879780598391
82,-14.9699869275744,-11.8366393782204,-5.36369893001645,-6.65284175614011,-6.41509722761128,-6.60323654582427,-5.66050521670746,-7.94320329973569,-4.75603733835637,-6.72850543177766,-7.66212061620753,-6.87909101894962,-6.14441673883323,-6.53362799281035,-4.50679612552466,-8.22350186342359,-8.36625505915443,-9.42640009995037,-4.36177011201955,-6.94444668421864,-7.36378723526984,-6.37379097330347,-5.48969594242498,-5.98775106049822,-6.1214767872391,-9.0717955494931,-9.07185832533564,-7.92451582302799,-7.59952593291717,-5.14927555030505,-7.88879856379761,-9.34346334801784,-8.50611814757273,-4.4556058873973,-5.57389598640361,-7.4817441481284,-6.77746351322568,-6.7513060392365,-6.56884723686108,-4.75726046424938,-6.83107242291102,-7.16486192000086,-4.5588840493902,-6.13745629237111,-4.95436387403476,-8.17603329497576,-6.86598131033454,-8.5249109254518,-4.03770361018988,-4.83178805320228
83,-14.3547136497911,-11.2461173271676,-5.0840012731142,-6.37482502677284,-6.19140225262761,-6.31284145394742,-5.37159522873164,-7.56904311646286,-4.55078561395935,-6.45762008851482,-7.37653961483378,-6.54707368319959,-5.85080815497765,-6.2426779908055,-4.31770307939373,-7.86795755759318,-7.97119241297601,-8.97996091192602,-4.1808828658406,-6.67784224690344,-7.07334510993022,-6.07774492791324,-5.212340086217,-5.71894666235214,-5.87823435658241,-8.71604526421228,-8.7243024058548,-7.60534903683615,-7.3022910843136,-4.96226656572256,-7.59879718262691,-8.95690898753836,-8.15501114806011,-4.28946184667037,-5.38769739605105,-7.23044599589332,-6.49674081264332,-6.46580990516013,-6.32615563396839,-4.58096060722509,-6.58355763315082,-6.89112996323666,-4.36559089957906,-5.89724808679064,-4.76779046317334,-7.9063390866604,-6.60168628293716,-8.18632855250874,-3.88578799719365,-4.65907358135565
84,-13.73412822885,-10.7030411814969,-4.82849564970662,-6.12099980572394,-5.98511771046802,-6.03095380239604,-5.10535311175038,-7.22977566273769,-4.36361286545928,-6.20911206241834,-7.09165720686776,-6.23896545937822,-5.58291151780609,-5.97753792772374,-4.14436192643831,-7.52939976719811,-7.60353748036656,-8.57603534953906,-4.01562763078608,-6.43333733972445,-6.78921127192784,-5.80045867586206,-4.95786894875571,-5.47383900386509,-5.65471682944394,-8.37507794086176,-8.39519682982609,-7.31299526182875,-7.02988625225735,-4.78944833477462,-7.32137385110168,-8.5994074252973,-7.83183623388686,-4.13666078844925,-5.21543255770112,-6.98720043119183,-6.23582031141183,-6.20279808142646,-6.10299812014894,-4.41819138942174,-6.34589479377949,-6.6334471027844,-4.187386538879,-5.67635954253994,-4.59534311570677,-7.64536323692119,-6.35563293869774,-7.87524209771339,-3.74890749101295,-4.49901938814658
85,-13.1317581116095,-10.20479046018,-4.59422031936626,-5.88822038532322,-5.79414752274088,-5.7600460401892,-4.85975263676626,-6.92064179859332,-4.19227962774777,-5.98017426754468,-6.81230684595367,-5.95322233896474,-5.33772488683886,-5.73500956931901,-3.98501005613937,-7.20927363500486,-7.2618293160215,-8.20868529123053,-3.86413756368384,-6.20817246307983,-6.51445984649589,-5.54115945182405,-4.72402498652537,-5.24970223220133,-5.44855490492754,-8.05010917645399,-8.08475537630883,-7.04414895285538,-6.7792193733621,-4.62921287835584,-7.05733421710774,-8.26840988518477,-7.5335434869259,-3.99568002190203,-5.05552345717194,-6.75346712139441,-5.993111173429,-5.95971017593226,-5.89705418655993,-4.26748287504078,-6.1189466406708,-6.39160084952791,-4.02278247255218,-5.472654352224,-4.43546763313514,-7.39484693516302,-6.12613786971271,-7.58855070442926,-3.62654189720999,-4.35022760404811
86,-12.5594957118916,-9.74769067719385,-4.37863951303751,-5.67385694216213,-5.61671394493794,-5.50149402265117,-4.63285656399086,-6.63769088102358,-4.03488607205118,-5.7684548879317,-6.54165440740908,-5.68814989901195,-5.1126450892329,-5.51239654070832,-3.83815515646061,-6.90789911515307,-6.9442593305251,-7.87300218976674,-3.72482123638945,-6.0000244723852,-6.25092441550115,-5.29883777847611,-4.50884319633926,-5.04426193725085,-5.25774081990848,-7.7414346059188,-7.79256369438262,-6.79600665695678,-6.54768059490956,-4.48019110282653,-6.80685890172532,-7.96146232112553,-7.25745275963703,-3.86521246163532,-4.90662579713075,-6.52994709905285,-5.76709270161924,-5.73434414198991,-5.70635440606574,-4.12758108626068,-5.90305047626514,-6.16507883223834,-3.87044702859939,-5.28428939168689,-4.28682636307901,-7.15572120128435,-5.91148033690875,-7.32356150782181,-3.51858421341493,-4.2114982113828
87,-12.0222445471659,-9.32780313456229,-4.17959163731873,-5.47569558213179,-5.45130140578313,-5.25593280114658,-4.42286605105463,-6.37762044326583,-3.8898130221635,-5.5719708604648,-6.28162291798813,-5.44204996574966,-4.90541644751726,-5.30741056651179,-3.70252860376863,-6.62490783431542,-6.64891816337636,-7.56490069407973,-3.59631595371132,-5.80692442242243,-5.9995753725495,-5.07240374690419,-4.31068288352864,-4.85563983170696,-5.08056308116814,-7.44878566673744,-7.51784786803998,-6.56618288628833,-6.33305685870104,-4.34121230017314,-6.56973007201114,-7.67628093125965,-7.00122163293213,-3.74413235811576,-4.76758935544692,-6.31682040476455,-5.55634230190564,-5.52482004229249,-5.5292193641996,-3.99741344949194,-5.69818680125618,-5.95319014023932,-3.7291934078974,-5.10966915099202,-4.14826301103908,-6.92835356609575,-5.71003619411939,-7.07793663327167,-3.42535186098938,-4.08179717340662
88,-11.5209814397382,-8.94130888483528,-3.99524366340963,-5.29186096164099,-5.29661183659632,-5.02351950786997,-4.22814081515864,-6.13765213816279,-3.75567452322357,-5.38904042728511,-6.03323815377224,-5.21330507477792,-4.71408334101599,-5.11809801815189,-3.5770480082615,-6.35953760161517,-6.37394194770252,-7.28095825003465,-3.47745003624715,-5.62719351648372,-5.76081173864243,-4.86078405215957,-4.12826886673779,-4.68231432822073,-4.91555496879557,-7.17156903377727,-7.25964690829208,-6.35264080037525,-6.13346339673506,-4.21127132410175,-6.34548746286981,-7.41078201597927,-6.76280820138501,-3.63146709637547,-4.63742596511686,-6.11392475308643,-5.35954718605688,-5.32955074559183,-5.36421060102567,-3.87606045541008,-5.50410151495557,-5.75513817339092,-3.59796618593312,-4.94740789440549,-4.01877396555615,-6.7127297646395,-5.5203827355006,-6.84964449215551,-3.34757366695766,-3.96023039879342
89,-11.0546110806719,-8.58467953806548,-3.82405230727577,-5.12075565394734,-5.15152880257081,-4.80412460138958,-4.04720242683325,-5.91543485905183,-3.63127947307823,-5.21822992625445,-5.79689604452503,-5.0004250360727,-4.53694800162374,-4.94278180912264,-3.46078687004469,-6.11082852714628,-6.11759899029684,-7.01828989758402,-3.36721216436289,-5.45939259295764,-5.53468550904194,-4.66297752773738,-3.96075653383817,-4.52309391897848,-4.76145348882393,-6.9090248020582,-7.01692138072074,-6.1536352056308,-5.94728848077271,-4.0895018072302,-6.13353385927786,-7.16308691678037,-6.54043392748824,-3.52637390125545,-4.51528344832105,-5.9208884875961,-5.17550656168806,-5.14721919209383,-5.21009092173486,-3.76273226795751,-5.32039298544523,-5.57006246478176,-3.47582763969101,-4.79629820800255,-3.89748480032047,-6.50858476008255,-5.34136022175364,-6.63691669007808,-3.28631525260655,-3.84602233791443
90,-10.6210380757332,-8.25473820591282,-3.66473171908362,-4.96101211688212,-5.0150884523477,-4.59747217569929,-3.87872826313387,-5.70896839193177,-3.51560040514495,-5.0583113657963,-5.5725632747718,-4.80207091623153,-4.37253377609092,-4.78001501228142,-3.35294980824692,-5.87775362784687,-5.87834236113593,-6.77444991558166,-3.26472631956889,-5.30228187535568,-5.32107933484754,-4.47808041601829,-3.80783492231101,-4.37709841803333,-4.61716635223945,-6.66032916997113,-6.78862020169657,-5.96766565047442,-5.77314859536635,-3.97515417483829,-5.93320513635505,-6.93151392709078,-6.33254900823953,-3.42812051999159,-4.40042424855521,-5.73722910395445,-5.00312842243563,-4.97676069852126,-5.06579207301636,-3.65674929826151,-5.14657318477914,-5.39706409977684,-3.36194464782426,-4.65528480170656,-3.78363091441775,-6.31549569563026,-5.17208008328472,-6.43821067612852,-3.2427873140106,-3.73849828277659
91,-10.2177670709855,-7.94866543820781,-3.51622698085504,-4.81145426800532,-4.88645580338731,-4.40324754925993,-3.72154066021112,-5.51654271593474,-3.40774794821015,-4.90822827516675,-5.35992487055087,-4.61706599968323,-4.21955354436241,-4.62854351988952,-3.25285219479005,-5.65930742014053,-5.65484371092799,-6.54735399090215,-3.16923119042926,-5.15478860108945,-5.11985826979723,-4.30528869332641,-3.6698788340035,-4.24373929374676,-4.48174518788099,-6.42465971952215,-6.57372033677481,-5.79343774142698,-5.60985184921571,-3.867577498259,-5.74381580959924,-6.71456394436436,-6.13780123204919,-3.33606913893995,-4.29220780388752,-5.56242584083911,-4.84142343976081,-4.817347611713,-4.93038825510458,-3.55752597363699,-4.982109994061,-5.2352260113368,-3.25557654144854,-4.52344262712526,-3.67654149883661,-6.13294690734845,-5.01188489381474,-6.25217773370091,-3.21797533521769,-3.63706964898733
92,-9.84222813555881,-7.66397910975794,-3.37769251757323,-4.67106647128352,-4.76490524222133,-4.22118806101818,-3.5745939696876,-5.33668933931193,-3.30694981890625,-4.76706798064958,-5.1584913339241,-4.44439962829478,-4.07688276259046,-4.48727574594774,-3.15990329649012,-5.45456890999026,-5.44601647496293,-6.33521715877345,-3.08006316051657,-5.01598076677988,-4.9310156246724,-4.143883081724,-3.54814499440242,-4.1226839960509,-4.35436364583625,-6.2012356911599,-6.37124912340029,-5.62983114088286,-5.45636793545296,-3.7662044451221,-5.56468785554449,-6.51090366719115,-5.95500855303262,-3.24966293915043,-4.19007592454785,-5.39597211217942,-4.68949746954402,-4.66837242427488,-4.80307429138872,-3.46455709621366,-4.8264559992544,-5.08363475132373,-3.15606407212263,-4.39995854181804,-3.57562619120629,-5.96037475313162,-4.86028012164074,-6.07763571444726,-3.2120661324529,-3.54122167431999
93,-9.49194526604489,-7.39850340962935,-3.24847443175035,-4.53896830269527,-4.64980438300405,-4.05117190963723,-3.43696109798588,-5.1681419757443,-3.21253345371845,-4.63403892595619,-4.96767544831089,-4.28322745744182,-3.9435365403643,-4.35525786209352,-3.07359223190068,-5.26275013336193,-5.25103069992276,-6.13650394273945,-2.99664218661362,-4.88504567068264,-4.7548314918759,-3.99320240121809,-3.44495626299636,-4.01378151664207,-4.23429937259193,-5.98934161499439,-6.18029558107886,-5.47587299979842,-5.31180333003686,-3.67053874462657,-5.39516822083089,-6.31934842435417,-5.78313524163156,-3.16841481286235,-4.09354060193077,-5.23741130332442,-4.54654357851231,-4.5294244895688,-4.68314754134367,-3.37740631258021,-4.67906768444304,-4.94140493443453,-3.06281955964579,-4.28411589264054,-3.48036391458676,-5.79719801790415,-4.71686252508831,-5.91354587804001,-3.22376323684759,-3.45050308761913
94,-9.1646165602035,-7.15033472067922,-3.12809571088667,-4.4143938659024,-4.54060062335095,-3.8933204648416,-3.30782041980345,-5.00980453264778,-3.12391157929398,-4.50845199184584,-4.786846405577,-4.13287008509817,-3.81865018042028,-4.23165341814396,-2.99347620194866,-5.083237108821,-5.06931583380175,-5.9498880010074,-2.91846002154003,-4.76127225248973,-4.5920565045514,-3.85261181524937,-3.36369371923123,-3.91692284578937,-4.12091907704849,-5.78833988023151,-6.00001485027972,-5.33071582183466,-5.17538070624597,-3.58014470815392,-5.23463876586491,-6.13884573107177,-5.62127130631695,-3.09189785610796,-4.00217379936697,-5.08635791826615,-4.41183412034401,-4.40025528823209,-4.56999284183592,-3.29569631430227,-4.53941785402532,-4.80770327744221,-2.97531826291974,-4.17528150762517,-3.39029349974234,-5.64283809237903,-4.5812637099793,-5.75899323501853,-3.24977214838943,-3.36451739341956
95,-8.85814543245515,-6.91780824814188,-3.01624320338132,-4.29667472254681,-4.43680988274898,-3.74813186783997,-3.18644353847994,-4.86072487145322,-3.04057016734297,-4.38970501563943,-4.615366888387,-3.99281086432403,-3.70146266170946,-4.11572646429746,-2.91917056942859,-4.9156256142182,-4.90054160958951,-5.77421923685952,-2.84507034874766,-4.64403646468721,-4.44411193881071,-3.72147319298703,-3.30819430734824,-3.83182266009072,-4.01366608292011,-5.59767594028112,-5.8296284420959,-5.19361895290853,-5.04642176399247,-3.49463843904655,-5.08252121541677,-5.96846009850327,-5.46861482390796,-3.01973732657353,-3.91559886866401,-4.94250537164495,-4.28471315962646,-4.2807285938794,-4.46306991352719,-3.21910046602751,-4.40700331815085,-4.68176765410218,-2.89309109119471,-4.07289468090516,-3.30500577095897,-5.49673194490525,-4.4531160770198,-5.6131698541349,-3.28486880157151,-3.28291548864688
96,-8.5706453506761,-6.69946716782668,-2.91275520604252,-4.18522571771338,-4.3380071193725,-3.61666713941718,-3.07218411379891,-4.72007316039543,-2.96205833445943,-4.27726989272496,-4.45261729192203,-3.86269276859369,-3.59130261066048,-4.00682749044519,-2.85034045137319,-4.75974821610455,-4.74456196951313,-5.60849681401078,-2.77608048336143,-4.53278908294893,-4.31323626990885,-3.59912421137279,-3.28096365132393,-3.75775210219498,-3.91204989535922,-5.41687858676,-5.66842202599218,-5.0639330482464,-4.92433284197168,-3.41368043760613,-4.93827887240148,-5.80735930031661,-5.32445681317683,-2.95160381474612,-3.83348330822493,-4.80562185308644,-4.16458939915807,-4.17075549278875,-4.3619027854005,-3.14733561819845,-4.28134929395671,-4.56291792062598,-2.81571899585083,-3.97645781209714,-3.22413683854592,-5.35834003792438,-4.33203905458621,-5.47536066752171,-3.32281270057121,-3.20538938315934
97,-8.30043087102525,-6.49403496720043,-2.81760846657042,-4.0795331419464,-4.24381830546372,-3.50081070930487,-2.9644678281747,-4.58712390886129,-2.88797983585577,-4.17068177766035,-4.29801030726453,-3.74231329324938,-3.48757636962995,-3.90438164749676,-2.78669355706773,-4.61568011602368,-4.60130681949207,-5.45184687805913,-2.71114436269087,-4.4270454929033,-4.20237198705142,-3.48487049705901,-3.28002418015804,-3.69332349880216,-3.8156374099262,-5.24555688444566,-5.51574185972132,-4.94108699491921,-4.80859281109482,-3.33696936364166,-4.80141628708145,-5.65480212219933,-5.18816830945974,-2.88720742337019,-3.75553263410837,-4.67553644464456,-4.05092967887325,-4.07021984950838,-4.26607088028474,-3.08015590894607,-4.16201155487713,-4.45055797327568,-2.74282989857858,-3.88552842363629,-3.14736239077377,-5.22715070858229,-4.21763910303503,-5.34493137641264,-3.35786723509186,-3.13166683939864
98,-8.04600218411051,-6.30039109031944,-2.73090340163121,-3.97914479228399,-4.15391360631489,-3.40361273813402,-2.86278347586241,-4.46124097403557,-2.8179858713285,-4.06953000475951,-4.1509984558209,-3.63161546489729,-3.38975783076525,-3.80787882918674,-2.7279740580023,-4.48369954780899,-4.47061763934323,-5.30350405535128,-2.6499566029149,-4.32637708894073,-4.11437902605052,-3.37799154554063,-3.29599886518878,-3.63647622288293,-3.72404546875375,-5.08339480506656,-5.37099055930185,-4.82457686782591,-4.69874284866209,-3.26423676311199,-4.67147768560343,-5.51012752648985,-5.0591893317661,-2.82629278786684,-3.68148517874395,-4.55211864835663,-3.94325306218461,-3.97890588394245,-4.17520147417905,-3.01734739739694,-4.04857705861676,-4.34417083002564,-2.674100148079,-3.79971232965075,-3.0743928172182,-5.10268207478972,-4.10951672890996,-5.22131812271238,-3.38620763246113,-3.06150678080723
99,-7.80602719354568,-6.11754972374598,-2.65284640007475,-3.88366158682268,-4.06800155821157,-3.32965513260637,-2.76667511242559,-4.34186498334982,-2.75176897627349,-3.97345042600803,-4.01107670279194,-3.53067209970373,-3.29737975585581,-3.7168652798494,-2.67395731800978,-4.36416791750978,-4.35205004791456,-5.16279600455407,-2.59224744102683,-4.23040399591067,-4.05011141371076,-3.27775757423963,-3.31308204849411,-3.58475669655864,-3.63693452798679,-4.93014423839153,-5.23362264277809,-4.7139565765338,-4.59437777138801,-3.19524260043428,-4.54804469513415,-5.37274511916418,-4.93701947045275,-2.76863480059675,-3.61110766612541,-4.43525519946025,-3.84112549483896,-3.89644316261296,-4.08896329698596,-2.95872340056375,-3.94066356872412,-4.24330956622284,-2.60926494004869,-3.71865777042246,-3.00496902663792,-4.98448219415688,-4.00727554294609,-5.10401864608189,-3.4065357651277,-2.99469534601559
100,-7.57932331513135,-5.94464144113296,-2.58372826170867,-3.79273045794319,-3.98582408001972,-3.28518178721066,-2.67573517805991,-4.22850273288767,-2.68905781364209,-3.88211892413264,-3.87778187917113,-3.43965963235641,-3.21002634786081,-3.6309364608686,-2.62444534491907,-4.25729866462946,-4.24470266377478,-5.02913045128606,-2.53777841477235,-4.13878888255777,-4.00565729980679,-3.18345214837226,-3.31553248804042,-3.53581152460222,-3.5540032466767,-4.78561683232938,-5.10314011023694,-4.60882992362833,-4.49513866699111,-3.12977146599941,-4.43073372021535,-5.24212678929044,-4.82120985896252,-2.71403492621563,-3.54419143935681,-4.32482811576241,-3.74415500434188,-3.82228271666576,-4.00706108551799,-2.90412042986233,-3.83791863096727,-4.1475867637591,-2.54814707943421,-3.64205035922291,-2.93885884738995,-4.87212795562859,-3.91053052429528,-4.99258469245755,-3.41977203122891,-2.93104248767244
101,-7.36484013419103,-5.78089738585366,-2.52389815254957,-3.70603830396992,-3.90715218404592,-3.2772551945412,-2.58959849908235,-4.12071821166261,-2.62961271694788,-3.79524590519983,-3.75069025878039,-3.35881743826912,-3.12732687807875,-3.54973096083279,-2.57926285127888,-4.16282362857078,-4.14715264024663,-4.90198425489689,-2.48633866015446,-4.05123168066597,-3.97095065224186,-3.09439499775205,-3.29490432406475,-3.48785540667175,-3.4749838434621,-4.64967497778747,-4.97908821213746,-4.50884384573222,-4.40070661258688,-3.06762935094133,-4.3191932002246,-5.11779938938235,-4.71135632562958,-2.66231801508485,-3.48054923804964,-4.22069723670578,-3.6519873994772,-3.75571054857436,-3.9292309340096,-2.85339464238017,-3.74001815633696,-4.056664333514,-2.49072169783936,-3.56960871487254,-2.87585391833982,-4.76522299264234,-3.81891429665118,-4.88661547877917,-3.4282171754686,-2.87037903237683
102,-7.16164345972151,-5.62563567388828,-2.47373296076078,-3.62330682164907,-3.83178227631476,-3.31045609146495,-2.50793707108973,-4.01812497127031,-2.57322186175039,-3.71257161155653,-3.62941426971569,-3.28838911135958,-3.04895020509444,-3.47292527544472,-2.5382538325956,-4.07965309837582,-4.05755401850266,-4.78089414804266,-2.43774172759737,-3.96746505925155,-3.93271202229575,-3.00996066833794,-3.25173800272777,-3.4398953442026,-3.39963809592294,-4.52222218019961,-4.86105148741322,-4.41368264884839,-4.31079730657837,-3.00864089944798,-4.21310089299708,-4.99933833155401,-4.60709355048657,-2.61332953770536,-3.42001244048175,-4.12268921453431,-3.56430242616763,-3.69589414302976,-3.85523631484706,-2.80641873729804,-3.64666478481524,-3.97024468944877,-2.43723888772962,-3.50108067497905,-2.81576699430352,-4.66339474806284,-3.7320812174147,-4.785752051099,-3.4346814451305,-2.81255413238542
103,-6.96890097706281,-5.47824972142441,-2.43360260718276,-3.54428807530771,-3.75953295594857,-3.37971566764897,-2.43045553132097,-3.92037961474425,-2.51969796495536,-3.63386212468131,-3.51359899064932,-3.22854431588792,-2.97460004851815,-3.40022931561782,-2.5012785882309,-4.00572004529729,-3.97388287625332,-4.66544886080817,-2.39182283519017,-3.88725053107769,-3.88076459398609,-2.92959069408719,-3.19194527851904,-3.39166874505623,-3.32775388019913,-4.40319302772809,-4.74865010825903,-4.32306308229325,-4.22515647139821,-2.95264706378531,-4.11216127231709,-4.88636198474925,-4.50809007731279,-2.56693317618514,-3.3624286995506,-4.03059342067004,-3.48081033580943,-3.64194852117697,-3.78486466433941,-2.76307924010528,-3.55758614896841,-3.88806358256761,-2.38837869789364,-3.43624000244079,-2.75842960307364,-4.56629067357408,-3.64970956193155,-4.68967240014318,-3.44186644404213,-2.75743305131703
104,-6.78586951589617,-5.33819823163773,-2.40383265037622,-3.46876068503925,-3.69024223900333,-3.46206171050238,-2.35688723436427,-3.82717622114319,-2.46887542892987,-3.5589059503874,-3.40291881393547,-3.17928420546384,-2.90401090291328,-3.3313825279185,-2.46821112350197,-3.93819149910377,-3.89423726147957,-4.55528239671824,-2.34843649144936,-3.81037509096883,-3.81212714123287,-2.85279895471617,-3.12247725934084,-3.34341122185527,-3.25914216663042,-4.29254296131044,-4.6415365409706,-4.23673012187774,-4.14355590904529,-2.89950309942535,-4.01610308856766,-4.7785267701445,-4.41404405306502,-2.52300871941555,-3.30765991308385,-3.94416393430717,-3.40124882394387,-3.59300479016729,-3.71792444624567,-2.72327412705279,-3.47253311746185,-3.80988450816037,-2.34516766973546,-3.37488351223439,-2.70369000166322,-4.47357338840068,-3.57150224467853,-4.59808722068468,-3.45204327108932,-2.70489523550328
105,-6.61188385361839,-5.20499660681851,-2.38466632713107,-3.39652653734664,-3.62376514474936,-3.51881298835924,-2.28699085314296,-3.73824155617517,-2.42060786172438,-3.48751109715316,-3.29707445971796,-3.14034003479494,-2.83694449591341,-3.26615053208085,-2.43893688229926,-3.87404300892497,-3.81707775716443,-4.45006827173193,-2.30745443142655,-3.73664830316882,-3.72984966403902,-2.77917125801288,-3.04896930235131,-3.29560105402426,-3.19363440179294,-4.19023806242965,-4.53939251571638,-4.15445335445769,-4.0657901112016,-2.84907684775837,-3.92467711641807,-4.67552286374419,-4.32467958567134,-2.48145021738406,-3.25558047854534,-3.86312596095252,-3.3253802998585,-3.54826677635243,-3.65424262033575,-2.68691075013373,-3.39127807112131,-3.73549442580469,-2.3079876617964,-3.31682855735999,-2.65141138803811,-4.38491443151854,-3.49718651346998,-4.51073621954214,-3.46694586948124,-2.65483263036591
106,-6.44634692813734,-5.07820958238944,-2.37622883915905,-3.32740793856654,-3.55997159262851,-3.5167083030795,-2.22054743524855,-3.65333094604582,-2.37476591631409,-3.41950257316251,-3.19579039517237,-3.11108230112419,-2.77318670998478,-3.20432219685713,-2.41335076821006,-3.81073713372385,-3.74133942732414,-4.34951456196709,-2.26876381927701,-3.66589976928513,-3.63932719036659,-2.70836081918933,-2.97520897727898,-3.24876767229749,-3.13108021913844,-4.09624509136709,-4.44192628877169,-4.07602387352198,-3.99167334182133,-2.80124726223863,-3.83765409694974,-4.57707042648195,-4.23974362731421,-2.44216435725886,-3.20607579000477,-3.78718475490237,-3.25298945091522,-3.50704781881762,-3.59366245517306,-2.65390402914965,-3.31361324487857,-3.66470049477215,-2.27498054079316,-3.26191082258511,-2.60147033168916,-4.29998599540053,-3.42651297948435,-4.42738489230728,-3.48777924525175,-2.60714820757076
107,-6.28872131696092,-4.95744490708165,-2.37849706870905,-3.26124514500863,-3.49874456646662,-3.44966388294895,-2.15735785266414,-3.57222471323987,-2.33123540125838,-3.35472023968094,-3.09881263848701,-3.09046371846228,-2.71254490013277,-3.14570708883828,-2.39135541912573,-3.74667004119483,-3.66641627049745,-4.25335963351814,-2.23226567801117,-3.5979769199335,-3.54554222111334,-2.64008135384419,-2.90344258879511,-3.20338308308545,-3.07134543006614,-4.01052202397027,-4.34887017595656,-4.00125160990451,-3.92103712323674,-2.75590314078708,-3.75482287123975,-4.48291629246592,-4.15900330413843,-2.40506902983674,-3.15904094174679,-3.71603528942267,-3.18388106875024,-3.46878668707516,-3.53604163409988,-2.62417488241661,-3.23934915548495,-3.59732755837379,-2.24286484313073,-3.20998238270483,-2.55375539222183,-4.21844971819993,-3.35925425760478,-4.34782170158186,-3.5152691654726,-2.56175467397823
108,-6.13852183823483,-4.84234791814408,-2.39127783555501,-3.19789421477178,-3.43997850935632,-3.33606904169133,-2.09724059045322,-3.49472509027132,-2.28991562295213,-3.2930169682576,-3.00590689264298,-3.07701956621845,-2.65484555053038,-3.09013323974465,-2.37285970594088,-3.6812318584218,-3.59206593956886,-4.16136844986816,-2.19787351340466,-3.5327430826127,-3.45205973360607,-2.57409920423667,-2.83485786738006,-3.15981819107573,-3.01431025512421,-3.93300934229316,-4.25997833409801,-3.92996303361251,-3.85372806762788,-2.71294203310533,-3.67598869618123,-4.39283105523824,-4.08224362511649,-2.37009205988435,-3.114379608328,-3.64937134703916,-3.11787810778709,-3.4330464014776,-3.48125061149261,-2.5976488716385,-3.16831312557373,-3.53321616521311,-2.21000407479509,-3.16090998873442,-2.50816589995326,-4.13994128623223,-3.29520341169126,-4.2718556000356,-3.54971250133822,-2.5185733377885
109,-5.99530913658328,-4.73259688195938,-2.41419722182892,-3.13722513518015,-3.38357791825121,-3.20031713989605,-2.04002982692726,-3.4206535414636,-2.25071792604073,-3.23425705737653,-2.91685694484483,-3.06894021926947,-2.59993222194012,-3.03744518656285,-2.35777743048575,-3.61457304500295,-3.51828969043481,-4.07332937024383,-2.16551210420133,-3.47007578603829,-3.36107117848721,-2.51022550106687,-2.76998662627077,-3.11833793995053,-2.95986776150029,-3.86362232907417,-4.17502476717437,-3.86199917264292,-3.78960600462606,-2.67226929644551,-3.60097172986272,-4.30660650005304,-4.00926551287503,-2.33717007801065,-3.07200307544608,-3.58689320806853,-3.05481994963391,-3.39950176005503,-3.42917118306058,-2.57425503962715,-3.1003479083019,-3.47222097025572,-2.17688034306226,-3.11457355102587,-2.46461087649796,-4.06404952457363,-3.23417233567218,-4.19931385036083,-3.59101087580252,-2.47753311093214
110,-5.85868412783743,-4.62789898904221,-2.4467024261991,-3.07912018713431,-3.32945611196368,-3.06047200289365,-1.98557376408837,-3.34984843423337,-2.2135644038561,-3.17831487092687,-2.83146327206043,-3.0642132024462,-2.54766374921639,-2.98750224618775,-2.34602620147535,-3.54727346205184,-3.44522503103042,-3.98905136672936,-2.13511643501648,-3.40986526748941,-3.27376909776652,-2.44830896605665,-2.70898083680653,-3.079114701934,-2.90792247829191,-3.80224459495133,-4.09380153467096,-3.79721390289368,-3.72854236323176,-2.63379727749193,-3.52960567221675,-4.22405333727647,-3.93988410788175,-2.30624751513726,-3.03182939982,-3.52831356969836,-2.99456084984024,-3.36792120121654,-3.37969523954564,-2.55392492204647,-3.03531041254494,-3.41420940464251,-2.14452149503438,-3.07086479295397,-2.42300807664296,-3.99028975868523,-3.1759901540573,-4.13004010150835,-3.6386839396872,-2.43856962981479
111,-5.72828318948712,-4.52798690840572,-2.48807622157771,-3.02347251371904,-3.27753415012231,-2.92635612504018,-1.9337331727571,-3.28216301068556,-2.17838675511236,-3.12507366649134,-2.74954180367512,-3.06081128705712,-2.49791265437215,-2.94017699223173,-2.33752647018173,-3.48006208690199,-3.37306676644148,-3.90836159974508,-2.10663075189714,-3.3520131549428,-3.19071168350287,-2.38822964927173,-2.65178514071308,-3.04224742510713,-2.85838916546459,-3.74872302967051,-4.01611714111639,-3.73547247017129,-3.67041877241395,-2.59744460147254,-3.46173654623181,-4.14499919816659,-3.87392730472267,-2.27727570350241,-2.99378267951798,-3.47336166683394,-2.93696854614064,-3.3381473038071,-3.33272367784443,-2.53659171633835,-2.97307052584244,-3.3590605381237,-2.11364582204658,-3.02968605271516,-2.38328313558655,-3.91807631627263,-3.12050169207206,-4.06389268669975,-3.69186575419136,-2.40162447909482
112,-5.60377399656225,-4.43261582001935,-2.53746262835754,-2.97018486540546,-3.22773988386763,-2.80204081870037,-1.88438012176275,-3.21746361799812,-2.14512526674663,-3.07442458617409,-2.67092280402606,-3.05688780349823,-2.4505637458803,-2.89535390663328,-2.33220070987558,-3.41364051439972,-3.30201710012181,-3.83110330115176,-2.08000772345677,-3.29643130009512,-3.11208601317654,-2.32989368240963,-2.59823915165128,-3.00778030223635,-2.81119171608064,-3.70286431555965,-3.94179508747971,-3.67665021108925,-3.61512584994826,-2.56313555253904,-3.39722160535885,-4.06928685960417,-3.81123448545243,-2.25021207054431,-2.95779241891143,-3.42178577782679,-2.88192300970822,-3.31007862942379,-3.28816544748595,-2.52218959256508,-2.91351003055827,-3.30666408296694,-2.08460981645116,-2.99094921405736,-2.34536880793717,-3.84671555215964,-3.0675660428987,-4.00074311383172,-3.74929156156991,-2.36664450534079
113,-5.48485191489366,-4.34156085585108,-2.59390115395554,-2.91916849833203,-3.18000712176581,-2.68849029665635,-1.83739686493195,-3.15562816240964,-2.11372790583532,-3.02626578666876,-2.5954498481472,-3.0509379268289,-2.40551287923156,-2.85292818282704,-2.32997272495437,-3.34859954677086,-3.23225863962206,-3.75713392218785,-2.05520769297879,-3.24304074197514,-3.03787577911625,-2.27322900168357,-2.5481359995301,-2.97571850820023,-2.76626217445032,-3.66443307647347,-3.87067256690446,-3.6206314445391,-3.56256215342541,-2.53079953191975,-3.33592835352811,-3.99677266891901,-3.75165542032709,-2.22501941403762,-2.92379297475988,-3.37335440195988,-2.82931532308722,-3.28365425298119,-3.24593671368401,-2.5106531321699,-2.85652160771246,-3.25691950530966,-2.05754986211136,-2.95457474951737,-2.3092042868221,-3.77548456550448,-3.01705524457788,-3.94047472318992,-3.80928463150093,-2.33358120924932
114,-5.37123687496142,-4.2546148900656,-2.65636611863693,-2.8703422056041,-3.13427489669172,-2.58525486141969,-1.79267486340892,-3.09654475687772,-2.08414950606826,-2.98050168863568,-2.52297887249088,-3.04189642260105,-2.36266585742869,-2.81280466068391,-2.33076707717065,-3.28539674460998,-3.16394284990782,-3.68632351001649,-2.03219800896291,-3.19177078385558,-2.96796133254795,-2.21818192908934,-2.50125477451298,-2.94604048991266,-2.72353985542885,-3.63315166313629,-3.80259928902513,-3.56730850954991,-3.51263327106324,-2.50037058243229,-3.27773366522117,-3.92732514388683,-3.69504931076646,-2.2016652485693,-2.89172307190965,-3.32785642180604,-2.77904667038623,-3.25884138106193,-3.20596012095581,-2.5019168816914,-2.80200792243911,-3.2097352213109,-2.03249300607367,-2.92049086207454,-2.27473459310211,-3.70394718831307,-2.96885306964835,-3.88298149101315,-3.86975469853438,-2.30239020666135
115,-5.26267065966994,-4.17158662758006,-2.72380731069472,-2.82363146444376,-3.09048682135289,-2.49136082315117,-1.75011392413219,-3.04011053685531,-2.05635103640896,-2.93704232831922,-2.45337728859905,-3.02916238723859,-2.32193745317892,-2.77489687631582,-2.33450861757344,-3.22436564765672,-3.09718771544503,-3.61855328211488,-2.01095242334116,-3.14255816869758,-2.90217690853298,-2.16471447715061,-2.45737779806101,-2.91870712790937,-2.68297055224681,-3.60870150220933,-3.73743641878905,-3.51658092886009,-3.46525103310032,-2.47178696970376,-3.22252299418019,-3.86082372634634,-3.64128395325365,-2.18012121488866,-2.8615253787736,-3.28510054242388,-2.73102742701035,-3.23562590222814,-3.16816414363862,-2.49591500933176,-2.74988078486515,-3.16502786286202,-2.0094175481196,-2.88863271310471,-2.24191002608117,-3.63271656570796,-2.92285392484483,-3.82816696050784,-3.92822071531346,-2.27303074994001
116,-5.15891454838096,-4.09229894756882,-2.79518848492102,-2.77896768445145,-3.04859052175363,-2.40572593479314,-1.70962143813018,-2.98623062229702,-2.03029894137938,-2.89580279677475,-2.38652315196926,-3.01256087893727,-2.28325053714971,-2.7391262122651,-2.34112211374284,-3.16573735544138,-3.03208022585293,-3.5537143722883,-1.99145054807202,-3.09534634048351,-2.84034223890023,-2.11280224269864,-2.41629923322194,-2.89366835496774,-2.64450582208579,-3.59072586760417,-3.6750556172594,-3.46835468050854,-3.42033282723025,-2.44499081193378,-3.1701896604938,-3.79715767078266,-3.59023500616145,-2.16036254489524,-2.8331461341945,-3.24491425466772,-2.68517633771094,-3.21400545010865,-3.13248251161989,-2.49258105302307,-2.70006038027458,-3.12272160235461,-1.9882825281975,-2.85894172619796,-2.2106856682822,-3.56449948376328,-2.8789618548899,-3.77594328450268,-3.98187056956545,-2.24546530240528
117,-5.05974726744066,-4.01658746483825,-2.86952091831639,-2.73628754428868,-3.00853713928551,-2.32733230622781,-1.67111170473328,-2.93481720708748,-2.00596454394055,-2.85670275415875,-2.32230438112142,-2.99226316221234,-2.2465352988558,-2.70542113564368,-2.35053196268731,-3.10966407192,-2.96868093827902,-3.49170672590076,-1.97367736207936,-3.05008478058733,-2.78227931605949,-2.06243276804216,-2.37782883789811,-2.8708678260933,-2.60810234015702,-3.57883387413018,-3.61533817328879,-3.42254156229492,-3.37780100382704,-2.41992775129367,-3.12063420692121,-3.7362250517101,-3.54178534428223,-2.14236757607162,-2.80653481851971,-3.20714251789751,-2.64141977305675,-3.19398448229795,-3.0988537012778,-2.49184774930168,-2.65247456264147,-3.0827475290041,-1.96904135101543,-2.8313649578341,-2.18102093786542,-3.50395800477976,-2.83708964273807,-3.72623036613092,-4.02766801026867,-2.21965915948908
118,-4.96496320433915,-3.94429927741475,-2.94589018161011,-2.69553240582585,-2.970280893315,-2.25528523659566,-1.63450532988397,-2.88578875968322,-1.98332350324071,-2.81966600832029,-2.26061802353955,-2.96868973823374,-2.21172854861473,-2.6737165135175,-2.36266198042857,-3.0562400261147,-2.90702905554209,-3.43243812511604,-1.95762276157517,-3.00672840985081,-2.72782072252178,-2.01360426557466,-2.34179305676686,-2.85024614721675,-2.57372131435092,-3.57260544983664,-3.55817421622417,-3.37905863612876,-3.33758235867712,-2.39654666111774,-3.07376381637096,-3.67793187582289,-3.49582448820202,-2.12611731005626,-2.78164386276013,-3.17164630765608,-2.59969105559778,-3.17557090173504,-3.06722048305911,-2.49364693291698,-2.60705820592535,-3.04504307112079,-1.95164782411979,-2.80585452713217,-2.15287918312426,-3.45466378198576,-2.79715799797225,-3.67895508579718,-4.0625112929884,-2.19558011110567
119,-4.87437084864055,-3.87529187333225,-3.02347527950039,-2.6566477962706,-2.93377869715553,-2.18882212100927,-1.59972868850195,-2.83906932096133,-1.962355320611,-2.78462014846312,-2.20136956608816,-2.94241580987143,-2.17877309059778,-2.64395299629921,-2.37743525985746,-3.0055183422546,-2.84714722391878,-3.37582332764409,-1.94328114772228,-2.96523704832593,-2.67681325530301,-1.96632462018585,-2.30803470822028,-2.83174306186448,-2.54132795364142,-3.57159701703075,-3.50346200094001,-3.33782774114292,-3.29960768262095,-2.37479938394053,-3.02949178342052,-3.62219128671814,-3.45224809766189,-2.11159501080793,-2.7584283905991,-3.13830113111799,-2.55992984802177,-3.15877381601348,-3.03752951833819,-2.49790949769179,-2.56375260788511,-3.00955145992013,-1.93605864966779,-2.78236709793667,-2.12622731422785,-3.41580877785105,-2.75909482501764,-3.63405060427978,-4.08343863721683,-2.17319814044697
120,-4.78779142801684,-3.80943217358288,-3.10156019676126,-2.61958295004704,-2.89898982118611,-2.12730167276536,-1.56671344237121,-2.79458788714026,-1.94304288813478,-2.75149622596222,-2.14447228795595,-2.91409133801812,-2.14761715835742,-2.6160764611622,-2.39477408893491,-2.95752390731151,-2.78904570767112,-3.3217833047737,-1.93065104638283,-2.92557492574426,-2.62911898313413,-1.920610600625,-2.27641197842422,-2.81529889618679,-2.5108909843799,-3.57534760366353,-3.45110725750398,-3.29877506603421,-3.26381136895981,-2.35464049619232,-2.98773703364077,-3.56892285157458,-3.41095751974437,-2.09878583845788,-2.73684598877941,-3.10699557883579,-2.52208159650885,-3.14360211101403,-3.00973099923836,-2.50456540973288,-2.5225049415543,-2.97622123123946,-1.92223427839061,-2.76086340740154,-2.1010354680093,-3.38336823532747,-2.72283456316953,-3.59145573318177,-4.08786351747542,-2.15248515502797
